{
  "train_losses": [
    7.972071951085871,
    2.6200272169980137,
    1.7537102807651868,
    1.3239405344833026,
    1.1944992460987784,
    0.9999089755795219,
    0.8961694714697924,
    0.8504620844667609,
    0.8249691318381916,
    0.7644764130765741
  ],
  "val_mious": [
    0.20709869265556335,
    0.2667921185493469,
    0.27082559466362,
    0.2746889293193817,
    0.2720069885253906,
    0.27542877197265625,
    0.27559036016464233,
    0.27501964569091797,
    0.2751796245574951,
    0.27537801861763
  ],
  "best_miou": 0.27559036016464233
}